Gray Matter,White Matter,Cerebro-Spinal Fluid,filename,subject,emotion,priming
1.42647889004769,0.9573546411199068,0.45606673065154607,./emotion-fmri-neu/cp001_beta_anger_congruent_c0.nii.gz,1,anger,congruent
1.8221284724201645,0.8964366945354137,-0.34206957547477196,./emotion-fmri-neu/cp001_beta_anger_incongruent_c0.nii.gz,1,anger,incongruent
2.376425052532303,1.2786899340934732,0.43401154621980764,./emotion-fmri-neu/cp001_beta_anger_neutral_c0.nii.gz,1,anger,neutral
1.0810999797803018,0.6247944700777822,-0.24783158729738866,./emotion-fmri-neu/cp001_beta_fear_congruent_c0.nii.gz,1,fear,congruent
1.1424279446342853,0.4834458692659357,-0.821872278270107,./emotion-fmri-neu/cp001_beta_fear_incongruent_c0.nii.gz,1,fear,incongruent
2.250810111938666,1.4373425413389656,-0.7146348244414219,./emotion-fmri-neu/cp001_beta_fear_neutral_c0.nii.gz,1,fear,neutral
1.24951575252968,0.47668830752767394,-0.07929242499871815,./emotion-fmri-neu/cp001_beta_disgust_congruent_c0.nii.gz,1,disgust,congruent
0.9827372665670022,0.2942991216054214,-0.9640738239786075,./emotion-fmri-neu/cp001_beta_disgust_incongruent_c0.nii.gz,1,disgust,incongruent
1.5267015497304453,0.6993655359041706,-0.7669038526750303,./emotion-fmri-neu/cp001_beta_disgust_neutral_c0.nii.gz,1,disgust,neutral
0.9657828980357865,0.19454402532634327,-1.382339216695158,./emotion-fmri-neu/cp002_beta_anger_congruent_c0.nii.gz,2,anger,congruent
0.9252604821373859,0.45451072624205086,-0.5807377152399459,./emotion-fmri-neu/cp002_beta_anger_incongruent_c0.nii.gz,2,anger,incongruent
1.9525667652459089,1.4425100016393335,0.6430581299464638,./emotion-fmri-neu/cp002_beta_anger_neutral_c0.nii.gz,2,anger,neutral
1.380962835289377,1.0832353691780976,0.7245783135470297,./emotion-fmri-neu/cp002_beta_fear_congruent_c0.nii.gz,2,fear,congruent
1.4905375418396374,0.8900588220784821,0.46526289124596293,./emotion-fmri-neu/cp002_beta_fear_incongruent_c0.nii.gz,2,fear,incongruent
1.3154658498538256,0.8897809639876691,-0.5255911112122301,./emotion-fmri-neu/cp002_beta_fear_neutral_c0.nii.gz,2,fear,neutral
0.9641290128491222,0.42942683457542247,-0.39631530018581856,./emotion-fmri-neu/cp002_beta_disgust_congruent_c0.nii.gz,2,disgust,congruent
1.3475261116036803,0.8153870759763611,-0.19197886042688975,./emotion-fmri-neu/cp002_beta_disgust_incongruent_c0.nii.gz,2,disgust,incongruent
1.411077739269534,0.7979959495971323,-0.6196204335354649,./emotion-fmri-neu/cp002_beta_disgust_neutral_c0.nii.gz,2,disgust,neutral
0.2301106084303629,-0.1851534855784998,-0.39779087903420096,./emotion-fmri-neu/cp003_beta_anger_congruent_c0.nii.gz,3,anger,congruent
0.7359937640725939,0.11307802149309941,-1.0109269200000532,./emotion-fmri-neu/cp003_beta_anger_incongruent_c0.nii.gz,3,anger,incongruent
0.6975373280917861,-0.11100555127703232,-1.657068062378798,./emotion-fmri-neu/cp003_beta_anger_neutral_c0.nii.gz,3,anger,neutral
1.2143471143393492,0.7867617012566447,0.5236187885220955,./emotion-fmri-neu/cp003_beta_fear_congruent_c0.nii.gz,3,fear,congruent
0.5442815854389679,-0.15162905840079935,-1.6975308676886671,./emotion-fmri-neu/cp003_beta_fear_incongruent_c0.nii.gz,3,fear,incongruent
1.7574615345984097,0.6625188644572112,-1.0229588542477877,./emotion-fmri-neu/cp003_beta_fear_neutral_c0.nii.gz,3,fear,neutral
1.1404722652792936,0.4549041710545729,0.15641220932143568,./emotion-fmri-neu/cp003_beta_disgust_congruent_c0.nii.gz,3,disgust,congruent
0.46506101023800944,-0.16299272430326242,-1.30532636555282,./emotion-fmri-neu/cp003_beta_disgust_incongruent_c0.nii.gz,3,disgust,incongruent
0.004914138403241181,-0.3765317299247551,-1.8714969078615016,./emotion-fmri-neu/cp003_beta_disgust_neutral_c0.nii.gz,3,disgust,neutral
2.0745974149542565,1.6607763841581522,-0.48953525719047825,./emotion-fmri-neu/cp004_beta_anger_congruent_c0.nii.gz,4,anger,congruent
1.912688789364952,1.2279153946231305,-2.0434066961437387,./emotion-fmri-neu/cp004_beta_anger_incongruent_c0.nii.gz,4,anger,incongruent
3.5464842975673534,2.8673214480885276,0.9682866397615122,./emotion-fmri-neu/cp004_beta_anger_neutral_c0.nii.gz,4,anger,neutral
-0.0695873429102928,-1.0262037526826255,-1.9179819303533294,./emotion-fmri-neu/cp004_beta_fear_congruent_c0.nii.gz,4,fear,congruent
1.665082685285639,0.9575316962117233,-2.658780589201853,./emotion-fmri-neu/cp004_beta_fear_incongruent_c0.nii.gz,4,fear,incongruent
0.48531686835753474,-0.40529486285071736,-3.602877646946531,./emotion-fmri-neu/cp004_beta_fear_neutral_c0.nii.gz,4,fear,neutral
-0.9628663926505832,-1.4876503688452651,-4.500780784445634,./emotion-fmri-neu/cp004_beta_disgust_congruent_c0.nii.gz,4,disgust,congruent
1.6115182085935182,0.9407725076534482,-2.1132297985210156,./emotion-fmri-neu/cp004_beta_disgust_incongruent_c0.nii.gz,4,disgust,incongruent
3.611601285439651,3.2781221388905433,0.731800142217595,./emotion-fmri-neu/cp004_beta_disgust_neutral_c0.nii.gz,4,disgust,neutral
1.3152732277741894,0.7681557062507282,0.5941886270340561,./emotion-fmri-neu/cp005_beta_anger_congruent_c0.nii.gz,5,anger,congruent
1.9164284127115174,1.2306459487676118,0.7412315036903663,./emotion-fmri-neu/cp005_beta_anger_incongruent_c0.nii.gz,5,anger,incongruent
2.0859168026476023,1.560255228771287,-0.04321517487535199,./emotion-fmri-neu/cp005_beta_anger_neutral_c0.nii.gz,5,anger,neutral
1.630266865295723,0.7424349885343215,-0.4954013509556004,./emotion-fmri-neu/cp005_beta_fear_congruent_c0.nii.gz,5,fear,congruent
2.028949900301179,1.4473766458027135,1.2224818165730047,./emotion-fmri-neu/cp005_beta_fear_incongruent_c0.nii.gz,5,fear,incongruent
1.1670968999473053,0.8012227610415265,-0.5370832361779786,./emotion-fmri-neu/cp005_beta_fear_neutral_c0.nii.gz,5,fear,neutral
2.226352599631789,1.250271291746163,0.3202375492333171,./emotion-fmri-neu/cp005_beta_disgust_congruent_c0.nii.gz,5,disgust,congruent
1.2310857248858935,0.42048275384324507,-0.4756745221269062,./emotion-fmri-neu/cp005_beta_disgust_incongruent_c0.nii.gz,5,disgust,incongruent
2.465330412768218,1.5141367584567393,-0.34288457101209185,./emotion-fmri-neu/cp005_beta_disgust_neutral_c0.nii.gz,5,disgust,neutral
0.3196430156611989,-0.23950675156596918,-0.4989081580362619,./emotion-fmri-neu/cp006_beta_anger_congruent_c0.nii.gz,6,anger,congruent
0.6507814399222297,-0.11679928703355683,-1.496421935699316,./emotion-fmri-neu/cp006_beta_anger_incongruent_c0.nii.gz,6,anger,incongruent
1.0553074259655022,0.47435607848215794,-1.5875412833583886,./emotion-fmri-neu/cp006_beta_anger_neutral_c0.nii.gz,6,anger,neutral
0.3266077888255835,-0.29075640947864423,-1.4996114973515138,./emotion-fmri-neu/cp006_beta_fear_congruent_c0.nii.gz,6,fear,congruent
1.048597151848768,0.10338463152268326,-1.5171465317546593,./emotion-fmri-neu/cp006_beta_fear_incongruent_c0.nii.gz,6,fear,incongruent
0.6357909340882407,0.059172737537116195,-1.3283879656995121,./emotion-fmri-neu/cp006_beta_fear_neutral_c0.nii.gz,6,fear,neutral
0.33250812308385674,-0.22168708855137312,-1.1724856598354632,./emotion-fmri-neu/cp006_beta_disgust_congruent_c0.nii.gz,6,disgust,congruent
0.5902435712073187,-0.25090321474759153,-0.7971120201952874,./emotion-fmri-neu/cp006_beta_disgust_incongruent_c0.nii.gz,6,disgust,incongruent
1.044318497990772,0.40222401883954895,-0.9881651947894895,./emotion-fmri-neu/cp006_beta_disgust_neutral_c0.nii.gz,6,disgust,neutral
0.7903455629312645,0.3709689919028509,-0.2729492227737707,./emotion-fmri-neu/cp007_beta_anger_congruent_c0.nii.gz,7,anger,congruent
-0.20203150739348474,-0.4268084982380021,-0.712324781657047,./emotion-fmri-neu/cp007_beta_anger_incongruent_c0.nii.gz,7,anger,incongruent
0.5504212332439727,0.3075090582915315,-0.5428384476746139,./emotion-fmri-neu/cp007_beta_anger_neutral_c0.nii.gz,7,anger,neutral
0.7390403239880814,0.10322615510136468,-1.198202658719341,./emotion-fmri-neu/cp007_beta_fear_congruent_c0.nii.gz,7,fear,congruent
0.7346767318092814,0.2690022411472495,-0.8097374987293382,./emotion-fmri-neu/cp007_beta_fear_incongruent_c0.nii.gz,7,fear,incongruent
-0.22671602534255125,-0.6856805800658121,-1.5719256282507659,./emotion-fmri-neu/cp007_beta_fear_neutral_c0.nii.gz,7,fear,neutral
-0.9153819957772441,-1.1346370288030965,-2.1254099939074775,./emotion-fmri-neu/cp007_beta_disgust_congruent_c0.nii.gz,7,disgust,congruent
0.4748536455664577,0.38056270675258774,0.057140699632567384,./emotion-fmri-neu/cp007_beta_disgust_incongruent_c0.nii.gz,7,disgust,incongruent
0.29186707000434003,0.07430617298655362,-1.5779541939437933,./emotion-fmri-neu/cp007_beta_disgust_neutral_c0.nii.gz,7,disgust,neutral
1.6455505024619852,1.1415819084673262,1.7910867733027016,./emotion-fmri-neu/cp008_beta_anger_congruent_c0.nii.gz,8,anger,congruent
1.1086786436433729,0.19402188716904625,-2.065398145211914,./emotion-fmri-neu/cp008_beta_anger_incongruent_c0.nii.gz,8,anger,incongruent
-1.4358169533634626,-1.149640763604633,-0.6445681002637121,./emotion-fmri-neu/cp008_beta_anger_neutral_c0.nii.gz,8,anger,neutral
4.078069634062451,3.426961899345042,3.499687859468214,./emotion-fmri-neu/cp008_beta_fear_congruent_c0.nii.gz,8,fear,congruent
0.6362899408569583,0.4626396242465401,-1.0656447781657372,./emotion-fmri-neu/cp008_beta_fear_incongruent_c0.nii.gz,8,fear,incongruent
1.9286654045992575,1.6934641451701857,1.4496987853396568,./emotion-fmri-neu/cp008_beta_fear_neutral_c0.nii.gz,8,fear,neutral
5.209704954967129,4.4802024673174055,6.21944892045003,./emotion-fmri-neu/cp008_beta_disgust_congruent_c0.nii.gz,8,disgust,congruent
2.946551918334296,2.4544597699915798,2.0023407895011984,./emotion-fmri-neu/cp008_beta_disgust_incongruent_c0.nii.gz,8,disgust,incongruent
1.4649160762793667,1.0317382818673353,-0.5860862532526457,./emotion-fmri-neu/cp008_beta_disgust_neutral_c0.nii.gz,8,disgust,neutral
2.3006659665136566,1.3165821802369204,0.9750491927015542,./emotion-fmri-neu/cp009_beta_anger_congruent_c0.nii.gz,9,anger,congruent
2.733500339752666,1.8826272346620203,1.3317022300148396,./emotion-fmri-neu/cp009_beta_anger_incongruent_c0.nii.gz,9,anger,incongruent
4.101870482132622,2.769998801283815,1.8700780133208756,./emotion-fmri-neu/cp009_beta_anger_neutral_c0.nii.gz,9,anger,neutral
3.1442161006598073,1.9114923088315388,1.377875786029451,./emotion-fmri-neu/cp009_beta_fear_congruent_c0.nii.gz,9,fear,congruent
2.776962227059484,1.9004005119740721,0.5547324628205553,./emotion-fmri-neu/cp009_beta_fear_incongruent_c0.nii.gz,9,fear,incongruent
3.419224632200953,2.34017471757387,1.2493810132914698,./emotion-fmri-neu/cp009_beta_fear_neutral_c0.nii.gz,9,fear,neutral
2.2836070227227325,1.3873945196584352,0.349589020979695,./emotion-fmri-neu/cp009_beta_disgust_congruent_c0.nii.gz,9,disgust,congruent
1.9346538478744189,1.266693641733893,0.4706261213771656,./emotion-fmri-neu/cp009_beta_disgust_incongruent_c0.nii.gz,9,disgust,incongruent
2.925922817463816,1.978122208765035,0.06867153898008453,./emotion-fmri-neu/cp009_beta_disgust_neutral_c0.nii.gz,9,disgust,neutral
1.7586646858605817,1.022454424814242,0.6956642107007911,./emotion-fmri-neu/cp010_beta_anger_congruent_c0.nii.gz,10,anger,congruent
2.2971111215029265,1.262495872308035,0.5959180362106976,./emotion-fmri-neu/cp010_beta_anger_incongruent_c0.nii.gz,10,anger,incongruent
1.393914215124551,0.7896204390685662,-0.1960926795175,./emotion-fmri-neu/cp010_beta_anger_neutral_c0.nii.gz,10,anger,neutral
2.5053736172215437,1.3498926017840722,0.4481969077748316,./emotion-fmri-neu/cp010_beta_fear_congruent_c0.nii.gz,10,fear,congruent
2.0954112365718,1.0961394673093978,0.26326061131572415,./emotion-fmri-neu/cp010_beta_fear_incongruent_c0.nii.gz,10,fear,incongruent
2.154141966757647,1.3979046960819692,0.28384949440329243,./emotion-fmri-neu/cp010_beta_fear_neutral_c0.nii.gz,10,fear,neutral
2.052538804840216,1.281049089084601,0.17976500040999616,./emotion-fmri-neu/cp010_beta_disgust_congruent_c0.nii.gz,10,disgust,congruent
2.145389249512386,1.0347733459563289,0.5260463540170385,./emotion-fmri-neu/cp010_beta_disgust_incongruent_c0.nii.gz,10,disgust,incongruent
3.00607621916286,1.527099028416267,0.3714701441817459,./emotion-fmri-neu/cp010_beta_disgust_neutral_c0.nii.gz,10,disgust,neutral
1.8029214043946877,0.8926368758325505,1.0090001707267044,./emotion-fmri-neu/cp011_beta_anger_congruent_c0.nii.gz,11,anger,congruent
-0.14668688485342093,-0.7122982274486466,0.015580237180161298,./emotion-fmri-neu/cp011_beta_anger_incongruent_c0.nii.gz,11,anger,incongruent
0.0012709796284217049,-0.568022180016738,-0.9830666775014801,./emotion-fmri-neu/cp011_beta_anger_neutral_c0.nii.gz,11,anger,neutral
-0.7327969438602596,-1.4729173208728898,-0.9415949095075236,./emotion-fmri-neu/cp011_beta_fear_congruent_c0.nii.gz,11,fear,congruent
0.5298143565089878,-0.25761100347671445,-0.2048836408328418,./emotion-fmri-neu/cp011_beta_fear_incongruent_c0.nii.gz,11,fear,incongruent
0.7611673654217003,0.441438501308813,0.21931879089376047,./emotion-fmri-neu/cp011_beta_fear_neutral_c0.nii.gz,11,fear,neutral
-0.1473575910729476,-0.9088523294127279,-1.473301019788234,./emotion-fmri-neu/cp011_beta_disgust_congruent_c0.nii.gz,11,disgust,congruent
0.8387167569894197,0.09680321395187036,0.02740311102964732,./emotion-fmri-neu/cp011_beta_disgust_incongruent_c0.nii.gz,11,disgust,incongruent
1.5534147701934733,0.8937817343256477,0.47825572972807334,./emotion-fmri-neu/cp011_beta_disgust_neutral_c0.nii.gz,11,disgust,neutral
0.3207698983041144,-0.1639820481884279,-3.0866858604346232,./emotion-fmri-neu/cp012_beta_anger_congruent_c0.nii.gz,12,anger,congruent
2.163630971049758,1.3661490211267557,-1.6874807484464687,./emotion-fmri-neu/cp012_beta_anger_incongruent_c0.nii.gz,12,anger,incongruent
1.7328030095641784,1.2041932896446912,-1.7799815141970587,./emotion-fmri-neu/cp012_beta_anger_neutral_c0.nii.gz,12,anger,neutral
0.05596599076461709,-0.09424985068286088,0.4587294544213044,./emotion-fmri-neu/cp012_beta_fear_congruent_c0.nii.gz,12,fear,congruent
0.11864884209909198,-0.34171331234819785,-1.9902301851533666,./emotion-fmri-neu/cp012_beta_fear_incongruent_c0.nii.gz,12,fear,incongruent
2.330358886623116,1.4335289361111527,-2.938777333176539,./emotion-fmri-neu/cp012_beta_fear_neutral_c0.nii.gz,12,fear,neutral
0.4812856442443865,0.47011159966009003,0.9581365816678165,./emotion-fmri-neu/cp012_beta_disgust_congruent_c0.nii.gz,12,disgust,congruent
2.283166946900993,1.3220023445328648,-2.336104130200592,./emotion-fmri-neu/cp012_beta_disgust_incongruent_c0.nii.gz,12,disgust,incongruent
0.5261315943732088,-0.1335436675588157,-2.281715141423581,./emotion-fmri-neu/cp012_beta_disgust_neutral_c0.nii.gz,12,disgust,neutral
2.4560922463166204,1.4704870185979493,0.1219417679332806,./emotion-fmri-neu/cp013_beta_anger_congruent_c0.nii.gz,13,anger,congruent
1.6318069813875256,0.7247142070075481,-0.7623619987503046,./emotion-fmri-neu/cp013_beta_anger_incongruent_c0.nii.gz,13,anger,incongruent
3.338792125356846,2.2107723672969897,0.2513767130123313,./emotion-fmri-neu/cp013_beta_anger_neutral_c0.nii.gz,13,anger,neutral
1.5506164571113301,0.6971553564034506,-0.9977320893360608,./emotion-fmri-neu/cp013_beta_fear_congruent_c0.nii.gz,13,fear,congruent
3.239164305332916,2.2294317613618055,1.257486063877161,./emotion-fmri-neu/cp013_beta_fear_incongruent_c0.nii.gz,13,fear,incongruent
2.7254860964196963,1.9909455489699872,1.163074477048496,./emotion-fmri-neu/cp013_beta_fear_neutral_c0.nii.gz,13,fear,neutral
2.262529639841602,1.3748727973533812,-0.27816098602403916,./emotion-fmri-neu/cp013_beta_disgust_congruent_c0.nii.gz,13,disgust,congruent
1.9048622258814603,0.886099433479093,-0.10096959562564631,./emotion-fmri-neu/cp013_beta_disgust_incongruent_c0.nii.gz,13,disgust,incongruent
1.278061551880075,0.4274414422066765,-1.505222694664154,./emotion-fmri-neu/cp013_beta_disgust_neutral_c0.nii.gz,13,disgust,neutral
0.4115152267398062,-0.09174289160885846,-0.5641445383694826,./emotion-fmri-neu/cp014_beta_anger_congruent_c0.nii.gz,14,anger,congruent
0.6307246016498956,0.06666352369791528,-1.3968140870151418,./emotion-fmri-neu/cp014_beta_anger_incongruent_c0.nii.gz,14,anger,incongruent
1.2685870105015473,0.942391186719561,1.2211451662554895,./emotion-fmri-neu/cp014_beta_anger_neutral_c0.nii.gz,14,anger,neutral
1.5099143600787617,0.7429911879608816,-0.12805586255483636,./emotion-fmri-neu/cp014_beta_fear_congruent_c0.nii.gz,14,fear,congruent
1.1065372786235503,0.28924783132873044,-0.2884077184556308,./emotion-fmri-neu/cp014_beta_fear_incongruent_c0.nii.gz,14,fear,incongruent
0.3360681983151383,0.12849016474753314,-1.7618380232231996,./emotion-fmri-neu/cp014_beta_fear_neutral_c0.nii.gz,14,fear,neutral
0.8026715763935935,0.31793393609063486,-0.03212407427678204,./emotion-fmri-neu/cp014_beta_disgust_congruent_c0.nii.gz,14,disgust,congruent
0.5850749978428805,-0.04659084649746964,-1.4103836160501118,./emotion-fmri-neu/cp014_beta_disgust_incongruent_c0.nii.gz,14,disgust,incongruent
0.5581436362266995,0.2058210956618866,-0.46950109542387636,./emotion-fmri-neu/cp014_beta_disgust_neutral_c0.nii.gz,14,disgust,neutral
0.9777589114551483,0.5139925064942268,-0.8414657277368331,./emotion-fmri-neu/cp015_beta_anger_congruent_c0.nii.gz,15,anger,congruent
0.5329732373285951,0.033307493082075264,-0.8633345001726188,./emotion-fmri-neu/cp015_beta_anger_incongruent_c0.nii.gz,15,anger,incongruent
1.02438717586489,0.5111556148931083,-0.6950547619487418,./emotion-fmri-neu/cp015_beta_anger_neutral_c0.nii.gz,15,anger,neutral
1.3653948864540058,0.7132649083558591,-0.13287211716944747,./emotion-fmri-neu/cp015_beta_fear_congruent_c0.nii.gz,15,fear,congruent
1.564611872544263,0.9509198621539297,-0.17332507092932423,./emotion-fmri-neu/cp015_beta_fear_incongruent_c0.nii.gz,15,fear,incongruent
1.4175390572040176,0.6401049979001571,-0.9404945159618168,./emotion-fmri-neu/cp015_beta_fear_neutral_c0.nii.gz,15,fear,neutral
0.8116987895828675,0.2592631136769147,-0.7096476851996035,./emotion-fmri-neu/cp015_beta_disgust_congruent_c0.nii.gz,15,disgust,congruent
0.9773578658779503,0.42253252433747307,-0.729585809218035,./emotion-fmri-neu/cp015_beta_disgust_incongruent_c0.nii.gz,15,disgust,incongruent
0.5563823432427155,0.0526553228086722,-0.6171701675456164,./emotion-fmri-neu/cp015_beta_disgust_neutral_c0.nii.gz,15,disgust,neutral
0.37518446579572134,-0.037665649142662704,-0.40963181405106686,./emotion-fmri-neu/cp016_beta_anger_congruent_c0.nii.gz,16,anger,congruent
-0.3671586173466192,-0.3397863136133949,-0.2052600588182096,./emotion-fmri-neu/cp016_beta_anger_incongruent_c0.nii.gz,16,anger,incongruent
0.14222439077572796,0.07899449032971614,0.301838680864227,./emotion-fmri-neu/cp016_beta_anger_neutral_c0.nii.gz,16,anger,neutral
-0.40872495678934795,-0.3427964055288332,0.1671684807690602,./emotion-fmri-neu/cp016_beta_fear_congruent_c0.nii.gz,16,fear,congruent
0.2040855701649354,0.02505450345306209,-0.09929083761962858,./emotion-fmri-neu/cp016_beta_fear_incongruent_c0.nii.gz,16,fear,incongruent
-0.5006817865962957,-0.2936449874656695,-0.6659520388284329,./emotion-fmri-neu/cp016_beta_fear_neutral_c0.nii.gz,16,fear,neutral
-0.7027369294328975,-0.5598485312197893,-0.1972558429642795,./emotion-fmri-neu/cp016_beta_disgust_congruent_c0.nii.gz,16,disgust,congruent
-0.49019857500984654,-0.5460722445804035,-0.6056087665302604,./emotion-fmri-neu/cp016_beta_disgust_incongruent_c0.nii.gz,16,disgust,incongruent
-0.3476536842296575,-0.1882000128300397,0.08362313414642361,./emotion-fmri-neu/cp016_beta_disgust_neutral_c0.nii.gz,16,disgust,neutral
1.731044471057518,0.9913829179139774,-0.17666608687740823,./emotion-fmri-neu/cp017_beta_anger_congruent_c0.nii.gz,17,anger,congruent
2.117519293551874,1.004561020277466,-0.5974943691005643,./emotion-fmri-neu/cp017_beta_anger_incongruent_c0.nii.gz,17,anger,incongruent
1.4936096659544116,0.7294740908677131,-0.5695623293036267,./emotion-fmri-neu/cp017_beta_anger_neutral_c0.nii.gz,17,anger,neutral
1.634543346482543,0.6897196362153568,-0.5840157189449171,./emotion-fmri-neu/cp017_beta_fear_congruent_c0.nii.gz,17,fear,congruent
1.6452659474386826,0.5894581872353505,-1.143221435849748,./emotion-fmri-neu/cp017_beta_fear_incongruent_c0.nii.gz,17,fear,incongruent
1.7705348636897211,0.8588726281237953,-1.3611248808403744,./emotion-fmri-neu/cp017_beta_fear_neutral_c0.nii.gz,17,fear,neutral
1.3509792760747108,0.5525900978660477,-0.5121602009783319,./emotion-fmri-neu/cp017_beta_disgust_congruent_c0.nii.gz,17,disgust,congruent
1.852791164566125,0.6975659370715369,-0.4359918063472461,./emotion-fmri-neu/cp017_beta_disgust_incongruent_c0.nii.gz,17,disgust,incongruent
1.3837895867164824,0.6091977517106238,-0.4821951111844485,./emotion-fmri-neu/cp017_beta_disgust_neutral_c0.nii.gz,17,disgust,neutral
2.2403566776757944,1.1426261885515738,-0.839809186009433,./emotion-fmri-neu/cp018_beta_anger_congruent_c0.nii.gz,18,anger,congruent
2.082510197427626,1.0581339519060202,-1.4639068183889574,./emotion-fmri-neu/cp018_beta_anger_incongruent_c0.nii.gz,18,anger,incongruent
2.1325812484998017,1.192695582910727,-0.7502438125992684,./emotion-fmri-neu/cp018_beta_anger_neutral_c0.nii.gz,18,anger,neutral
1.6150098602020009,0.8417201945004587,-1.340480319837049,./emotion-fmri-neu/cp018_beta_fear_congruent_c0.nii.gz,18,fear,congruent
1.6342019810728599,0.7414661766683803,-1.9966521346190167,./emotion-fmri-neu/cp018_beta_fear_incongruent_c0.nii.gz,18,fear,incongruent
2.67918227397642,1.400089729754121,-1.4809905695984167,./emotion-fmri-neu/cp018_beta_fear_neutral_c0.nii.gz,18,fear,neutral
3.071753002533256,2.0179595074217525,-0.5916727921671944,./emotion-fmri-neu/cp018_beta_disgust_congruent_c0.nii.gz,18,disgust,congruent
1.9377169946612611,0.9137070778557491,-1.7747865589395333,./emotion-fmri-neu/cp018_beta_disgust_incongruent_c0.nii.gz,18,disgust,incongruent
2.7099637735105193,1.6632218184743792,-1.4498914283709483,./emotion-fmri-neu/cp018_beta_disgust_neutral_c0.nii.gz,18,disgust,neutral
0.8288917700836043,0.3383342383522769,-0.07179098960678877,./emotion-fmri-neu/cp019_beta_anger_congruent_c0.nii.gz,19,anger,congruent
1.3032035435993428,0.6513590944465778,0.15175020745224535,./emotion-fmri-neu/cp019_beta_anger_incongruent_c0.nii.gz,19,anger,incongruent
0.8101626819351905,0.47556780278263194,-0.11205632382870516,./emotion-fmri-neu/cp019_beta_anger_neutral_c0.nii.gz,19,anger,neutral
1.3994485946651827,0.898685235214562,0.9898995697578982,./emotion-fmri-neu/cp019_beta_fear_congruent_c0.nii.gz,19,fear,congruent
0.8701662314469455,0.4705671906367845,0.13274075226660012,./emotion-fmri-neu/cp019_beta_fear_incongruent_c0.nii.gz,19,fear,incongruent
1.0353085159821818,0.5213193400182641,0.5254697934719887,./emotion-fmri-neu/cp019_beta_fear_neutral_c0.nii.gz,19,fear,neutral
1.2852563513589315,0.9118041669946817,1.1460058631237597,./emotion-fmri-neu/cp019_beta_disgust_congruent_c0.nii.gz,19,disgust,congruent
0.7420549273417468,0.33245349563464155,-0.0895022209031484,./emotion-fmri-neu/cp019_beta_disgust_incongruent_c0.nii.gz,19,disgust,incongruent
0.925022506035339,0.5571196509927766,0.2830640799130474,./emotion-fmri-neu/cp019_beta_disgust_neutral_c0.nii.gz,19,disgust,neutral
2.944851709789161,2.177030615533402,5.199288970503367,./emotion-fmri-neu/cp020_beta_anger_congruent_c0.nii.gz,20,anger,congruent
1.6894232223916652,1.1396770722787337,-0.7634082499669869,./emotion-fmri-neu/cp020_beta_anger_incongruent_c0.nii.gz,20,anger,incongruent
-3.3595952728875753,-3.8203614532742916,-8.393535736301374,./emotion-fmri-neu/cp020_beta_anger_neutral_c0.nii.gz,20,anger,neutral
5.335395072451634,3.5712509972114255,4.131606269900368,./emotion-fmri-neu/cp020_beta_fear_congruent_c0.nii.gz,20,fear,congruent
0.5877099054676217,-0.7940687585195548,0.01781763516895308,./emotion-fmri-neu/cp020_beta_fear_incongruent_c0.nii.gz,20,fear,incongruent
-1.0472565799297622,-1.0767529958333981,-2.594419852711477,./emotion-fmri-neu/cp020_beta_fear_neutral_c0.nii.gz,20,fear,neutral
1.0739338586482572,-0.26398038544305374,0.06806147128362224,./emotion-fmri-neu/cp020_beta_disgust_congruent_c0.nii.gz,20,disgust,congruent
-0.7328565851580023,-0.7941824185372621,-3.555764741109434,./emotion-fmri-neu/cp020_beta_disgust_incongruent_c0.nii.gz,20,disgust,incongruent
2.8260865459307656,2.644526757751783,-0.2734934435880727,./emotion-fmri-neu/cp020_beta_disgust_neutral_c0.nii.gz,20,disgust,neutral
0.18369803972122808,-0.20443411917112553,-0.09076418942340511,./emotion-fmri-neu/cp021_beta_anger_congruent_c0.nii.gz,21,anger,congruent
0.9070525903808612,0.19841484230632314,0.103366021571887,./emotion-fmri-neu/cp021_beta_anger_incongruent_c0.nii.gz,21,anger,incongruent
0.15955337096395544,-0.591821167992759,-2.0727615037308604,./emotion-fmri-neu/cp021_beta_anger_neutral_c0.nii.gz,21,anger,neutral
1.1886252170641343,0.5443019238574975,-0.2273801651709517,./emotion-fmri-neu/cp021_beta_fear_congruent_c0.nii.gz,21,fear,congruent
1.3768782914548963,0.35723177716471377,-0.5986135043731354,./emotion-fmri-neu/cp021_beta_fear_incongruent_c0.nii.gz,21,fear,incongruent
1.2443941405087073,0.38770180304178675,-0.10669945543403545,./emotion-fmri-neu/cp021_beta_fear_neutral_c0.nii.gz,21,fear,neutral
1.4715315058691565,0.9142289975740253,0.6873039822535841,./emotion-fmri-neu/cp021_beta_disgust_congruent_c0.nii.gz,21,disgust,congruent
1.0639470460526395,0.5625078104263789,-0.17209240984445753,./emotion-fmri-neu/cp021_beta_disgust_incongruent_c0.nii.gz,21,disgust,incongruent
-0.23653966366719525,-0.7090018618887357,-1.621814333786463,./emotion-fmri-neu/cp021_beta_disgust_neutral_c0.nii.gz,21,disgust,neutral
2.721193450267821,2.631813387790882,1.07246279705058,./emotion-fmri-neu/cp022_beta_anger_congruent_c0.nii.gz,22,anger,congruent
1.2566599718165135,0.8749200959445866,0.9947559267470175,./emotion-fmri-neu/cp022_beta_anger_incongruent_c0.nii.gz,22,anger,incongruent
2.327099459061255,1.779350975480503,0.4413037276712351,./emotion-fmri-neu/cp022_beta_anger_neutral_c0.nii.gz,22,anger,neutral
1.0687782652857991,0.7409942717274203,0.43943152893351556,./emotion-fmri-neu/cp022_beta_fear_congruent_c0.nii.gz,22,fear,congruent
2.6044834631828664,1.861584939473417,-0.5921627493250018,./emotion-fmri-neu/cp022_beta_fear_incongruent_c0.nii.gz,22,fear,incongruent
2.6561743060859744,2.071607040181563,-0.13665378043083248,./emotion-fmri-neu/cp022_beta_fear_neutral_c0.nii.gz,22,fear,neutral
1.7442456737726475,1.2630346215116823,0.12077198083964605,./emotion-fmri-neu/cp022_beta_disgust_congruent_c0.nii.gz,22,disgust,congruent
2.265291978532116,1.8192234519299517,-0.4435718535654753,./emotion-fmri-neu/cp022_beta_disgust_incongruent_c0.nii.gz,22,disgust,incongruent
1.7268818593007413,1.055049359074766,-0.7215471268644595,./emotion-fmri-neu/cp022_beta_disgust_neutral_c0.nii.gz,22,disgust,neutral
1.561193499162651,0.6117465211735835,-0.8220589126179312,./emotion-fmri-neu/cp023_beta_anger_congruent_c0.nii.gz,23,anger,congruent
1.72726133850354,0.8847694731612047,0.1136239040773559,./emotion-fmri-neu/cp023_beta_anger_incongruent_c0.nii.gz,23,anger,incongruent
2.195188601696808,1.1892852475246907,0.01090352160055813,./emotion-fmri-neu/cp023_beta_anger_neutral_c0.nii.gz,23,anger,neutral
1.5815053993904364,0.744136318645314,-0.5077760517457385,./emotion-fmri-neu/cp023_beta_fear_congruent_c0.nii.gz,23,fear,congruent
2.0295268988367816,0.9729221653239173,-0.7202873237685501,./emotion-fmri-neu/cp023_beta_fear_incongruent_c0.nii.gz,23,fear,incongruent
2.037958980067612,0.9395291628608434,-1.4637626220951567,./emotion-fmri-neu/cp023_beta_fear_neutral_c0.nii.gz,23,fear,neutral
2.164520657378725,1.1664364997602146,-0.50498575759889,./emotion-fmri-neu/cp023_beta_disgust_congruent_c0.nii.gz,23,disgust,congruent
1.7889615903248077,0.9249755200492406,0.29918029234032695,./emotion-fmri-neu/cp023_beta_disgust_incongruent_c0.nii.gz,23,disgust,incongruent
1.2979516115849143,0.5063031943247542,-0.5455108733329149,./emotion-fmri-neu/cp023_beta_disgust_neutral_c0.nii.gz,23,disgust,neutral
1.954278054389566,0.9480423218663088,0.0749152968777822,./emotion-fmri-neu/cp024_beta_anger_congruent_c0.nii.gz,24,anger,congruent
1.5786659977309845,0.6123222906762644,-1.12060537463628,./emotion-fmri-neu/cp024_beta_anger_incongruent_c0.nii.gz,24,anger,incongruent
1.5597186924610482,1.0138459170344347,-1.002748916766614,./emotion-fmri-neu/cp024_beta_anger_neutral_c0.nii.gz,24,anger,neutral
2.422236497494072,1.4586625684790453,0.4353840461212693,./emotion-fmri-neu/cp024_beta_fear_congruent_c0.nii.gz,24,fear,congruent
1.7892881544696813,0.7813116282776376,-0.7075725655618702,./emotion-fmri-neu/cp024_beta_fear_incongruent_c0.nii.gz,24,fear,incongruent
0.9565412681714914,-0.1413299584784757,-0.7992071653756013,./emotion-fmri-neu/cp024_beta_fear_neutral_c0.nii.gz,24,fear,neutral
2.2125691178627496,1.2551215530490263,-0.23321631269312484,./emotion-fmri-neu/cp024_beta_disgust_congruent_c0.nii.gz,24,disgust,congruent
0.5938609689636863,-0.2639750238288995,-2.13766349724337,./emotion-fmri-neu/cp024_beta_disgust_incongruent_c0.nii.gz,24,disgust,incongruent
3.452041628883892,2.750058113561038,2.668945288757703,./emotion-fmri-neu/cp024_beta_disgust_neutral_c0.nii.gz,24,disgust,neutral
1.9145607661278814,1.1821304712600147,0.46373268057798744,./emotion-fmri-neu/cp025_beta_anger_congruent_c0.nii.gz,25,anger,congruent
1.7727601745354526,0.8833016871829059,0.38961762071902695,./emotion-fmri-neu/cp025_beta_anger_incongruent_c0.nii.gz,25,anger,incongruent
1.2334029243556512,0.876213337285228,0.009861114175747726,./emotion-fmri-neu/cp025_beta_anger_neutral_c0.nii.gz,25,anger,neutral
1.6569592523632355,1.0175477584948451,-0.13267417148636368,./emotion-fmri-neu/cp025_beta_fear_congruent_c0.nii.gz,25,fear,congruent
1.9508801999113359,0.9150344151373806,-1.0353459212914626,./emotion-fmri-neu/cp025_beta_fear_incongruent_c0.nii.gz,25,fear,incongruent
1.5766990159319174,0.96773545656293,2.2660484102354395,./emotion-fmri-neu/cp025_beta_fear_neutral_c0.nii.gz,25,fear,neutral
2.541743669018297,1.6485042822403948,-0.5359018229792277,./emotion-fmri-neu/cp025_beta_disgust_congruent_c0.nii.gz,25,disgust,congruent
1.9828007684348687,1.2473273612673925,0.7538704249366861,./emotion-fmri-neu/cp025_beta_disgust_incongruent_c0.nii.gz,25,disgust,incongruent
1.4522179542942961,0.5185695508719557,-0.11399119756218075,./emotion-fmri-neu/cp025_beta_disgust_neutral_c0.nii.gz,25,disgust,neutral
0.7470592655479761,0.07007252131068642,-1.7110964017373305,./emotion-fmri-neu/cp026_beta_anger_congruent_c0.nii.gz,26,anger,congruent
1.1254016436908891,0.1687577606595242,-1.103321059067382,./emotion-fmri-neu/cp026_beta_anger_incongruent_c0.nii.gz,26,anger,incongruent
1.0993555530825043,0.22462657623777904,-2.1530564657878646,./emotion-fmri-neu/cp026_beta_anger_neutral_c0.nii.gz,26,anger,neutral
1.1227663533390977,0.35424311685604004,-0.6842703957598066,./emotion-fmri-neu/cp026_beta_fear_congruent_c0.nii.gz,26,fear,congruent
1.5165833406853755,0.5460132203265322,-1.1941304654929794,./emotion-fmri-neu/cp026_beta_fear_incongruent_c0.nii.gz,26,fear,incongruent
1.6735285275586858,0.7457197054938841,-0.2447679020940406,./emotion-fmri-neu/cp026_beta_fear_neutral_c0.nii.gz,26,fear,neutral
1.0730340194111616,0.0032333143368493264,-2.469570053527402,./emotion-fmri-neu/cp026_beta_disgust_congruent_c0.nii.gz,26,disgust,congruent
1.1419212520124207,0.14992579201715803,-1.272472481392975,./emotion-fmri-neu/cp026_beta_disgust_incongruent_c0.nii.gz,26,disgust,incongruent
1.1034011291281718,0.15000372726018982,-2.261206187060473,./emotion-fmri-neu/cp026_beta_disgust_neutral_c0.nii.gz,26,disgust,neutral
2.0252949627681702,1.2694492870847187,-0.6014155991664311,./emotion-fmri-neu/cp027_beta_anger_congruent_c0.nii.gz,27,anger,congruent
1.6526056839609646,0.9156931376550352,-0.8307800209194959,./emotion-fmri-neu/cp027_beta_anger_incongruent_c0.nii.gz,27,anger,incongruent
1.9392435254366418,1.1257501675495836,-1.6534728242632586,./emotion-fmri-neu/cp027_beta_anger_neutral_c0.nii.gz,27,anger,neutral
1.2280273082334563,0.8236066113230663,0.19646445021385983,./emotion-fmri-neu/cp027_beta_fear_congruent_c0.nii.gz,27,fear,congruent
1.1093738098911337,0.4406921941879947,-2.5829740564109533,./emotion-fmri-neu/cp027_beta_fear_incongruent_c0.nii.gz,27,fear,incongruent
1.890902448228011,1.4204120008277872,-0.28039591206561576,./emotion-fmri-neu/cp027_beta_fear_neutral_c0.nii.gz,27,fear,neutral
1.3652297867303085,0.7573404018075807,-1.453794948132617,./emotion-fmri-neu/cp027_beta_disgust_congruent_c0.nii.gz,27,disgust,congruent
1.5217057015305393,0.6467381421557059,-1.175045765586971,./emotion-fmri-neu/cp027_beta_disgust_incongruent_c0.nii.gz,27,disgust,incongruent
1.924530896412433,1.1003563120602968,-0.865839464804401,./emotion-fmri-neu/cp027_beta_disgust_neutral_c0.nii.gz,27,disgust,neutral
1.9475869984875132,1.5246731259325348,0.6984739947662498,./emotion-fmri-neu/cp028_beta_anger_congruent_c0.nii.gz,28,anger,congruent
1.034874151934255,0.745134463059875,-0.42441436456158643,./emotion-fmri-neu/cp028_beta_anger_incongruent_c0.nii.gz,28,anger,incongruent
0.21474477155036667,0.29710063419755384,-0.4093175034556365,./emotion-fmri-neu/cp028_beta_anger_neutral_c0.nii.gz,28,anger,neutral
3.049010585645762,2.091769870342848,1.003752419961057,./emotion-fmri-neu/cp028_beta_fear_congruent_c0.nii.gz,28,fear,congruent
0.16772201583486862,0.2016769554817778,-1.546442356950621,./emotion-fmri-neu/cp028_beta_fear_incongruent_c0.nii.gz,28,fear,incongruent
0.31707398492935446,0.46185143077776847,-0.35616664252778707,./emotion-fmri-neu/cp028_beta_fear_neutral_c0.nii.gz,28,fear,neutral
1.6705197883090943,1.152631076946621,-0.0005732394710354161,./emotion-fmri-neu/cp028_beta_disgust_congruent_c0.nii.gz,28,disgust,congruent
-0.7430339212372388,-0.5002612367389208,-1.3777774921714911,./emotion-fmri-neu/cp028_beta_disgust_incongruent_c0.nii.gz,28,disgust,incongruent
0.29764720153740537,0.2643663314295587,-1.027672860761257,./emotion-fmri-neu/cp028_beta_disgust_neutral_c0.nii.gz,28,disgust,neutral
1.2575187966291757,0.6316967451342489,-0.573836551667661,./emotion-fmri-neu/cp029_beta_anger_congruent_c0.nii.gz,29,anger,congruent
2.3671089141927535,1.1489757058326937,-0.4772985343317336,./emotion-fmri-neu/cp029_beta_anger_incongruent_c0.nii.gz,29,anger,incongruent
3.9372812966653443,2.510401717387814,-0.010350230174492324,./emotion-fmri-neu/cp029_beta_anger_neutral_c0.nii.gz,29,anger,neutral
1.1634923686052179,0.34682819696379535,-0.5060504166393062,./emotion-fmri-neu/cp029_beta_fear_congruent_c0.nii.gz,29,fear,congruent
2.6105774080121753,1.3670777378612162,-0.7172746762445891,./emotion-fmri-neu/cp029_beta_fear_incongruent_c0.nii.gz,29,fear,incongruent
1.9030675728433661,0.8404105227226125,-0.7028378082711719,./emotion-fmri-neu/cp029_beta_fear_neutral_c0.nii.gz,29,fear,neutral
1.1811097032029596,0.6549795988670574,-0.6716113044220284,./emotion-fmri-neu/cp029_beta_disgust_congruent_c0.nii.gz,29,disgust,congruent
2.795343130128965,1.614881744381388,-0.3002567806227954,./emotion-fmri-neu/cp029_beta_disgust_incongruent_c0.nii.gz,29,disgust,incongruent
2.398718740894234,1.3315611228677522,-1.184362240492536,./emotion-fmri-neu/cp029_beta_disgust_neutral_c0.nii.gz,29,disgust,neutral
1.9531533686230178,1.6699578546183165,-1.118190636517628,./emotion-fmri-neu/cp030_beta_anger_congruent_c0.nii.gz,30,anger,congruent
0.7355173868248215,0.6352379436211526,-1.238372007560552,./emotion-fmri-neu/cp030_beta_anger_incongruent_c0.nii.gz,30,anger,incongruent
2.903705494037118,1.9194812852467367,0.04788630849580923,./emotion-fmri-neu/cp030_beta_anger_neutral_c0.nii.gz,30,anger,neutral
-0.45454989959062675,-0.4897274524287905,-2.5972853002307215,./emotion-fmri-neu/cp030_beta_fear_congruent_c0.nii.gz,30,fear,congruent
-0.5680761513006525,-0.28196419307909754,-1.4982927603380685,./emotion-fmri-neu/cp030_beta_fear_incongruent_c0.nii.gz,30,fear,incongruent
-0.0036804273506617154,0.0861378519958343,-2.0387904481011296,./emotion-fmri-neu/cp030_beta_fear_neutral_c0.nii.gz,30,fear,neutral
-0.2905776661675676,-0.4302833747021338,-2.657896664745304,./emotion-fmri-neu/cp030_beta_disgust_congruent_c0.nii.gz,30,disgust,congruent
0.6806164544676474,0.3899381361963351,-1.5568835859091859,./emotion-fmri-neu/cp030_beta_disgust_incongruent_c0.nii.gz,30,disgust,incongruent
2.1393946368631425,1.6296967867573025,-1.0343791041655392,./emotion-fmri-neu/cp030_beta_disgust_neutral_c0.nii.gz,30,disgust,neutral
